question_id,question,backend,answer,faithfulness,faith_reason,latency_seconds,cost_usd,model
1,What is TF-IDF and how is it calculated?,ollama,"According to the provided context [Chunk 1], TF-IDF (Term Frequency-Inverse Document Frequency) is a weighting scheme that assigns a weight to each term in a document given by:

tf-idf = tf × idf

where tf is the frequency of the term within the document, and idf is the inverse document frequency, w",5,"The answer accurately and completely reflects the definition, formula, and characteristics of TF-IDF as presented in the provided context, with no unsupported claims or additions.",97.157,0.0,ollama/llama3
2,What is an inverted index and what does it store?,ollama,"Based on the provided context, an inverted index is a data structure used in information retrieval. It stores postings, which are term-document pairs where each posting contains the document ID associated with a specific term.

(Inverted) Index construction and (inverted) index compression are terms",5,The answer accurately defines an inverted index as a data structure storing postings (document IDs associated with terms via postings lists) and correctly cites relevant passages from the provided context.,106.759,0.0,ollama/llama3
3,What are the main components of a Boolean retrieval model?,ollama,"Based on the provided context, specifically Chunk 2, I can answer that:

The main component of a Boolean retrieval model is a binary term-document incidence matrix, which records whether each document (in this case, Shakespeare's plays) contains each word out of all the words used by Shakespeare.",3,"The answer identifies one key component (the binary term-document incidence matrix) that is explicitly mentioned in the context, but it is incomplete as the context does not provide a comprehensive overview of all main components of the Boolean retrieval model, making it partially supported rather than fully comprehensive.",114.474,0.0,ollama/llama3
4,What is precision and recall in information retrieval evaluation?,ollama,"Based on the provided context (Chunk 1 and Chunk 2), I can answer your question.

Precision (P) is defined as the fraction of retrieved documents that are relevant, i.e., Precision = P(relevant retrieved) / (#retrieved items).

Recall (R) is defined as the fraction of relevant documents that are ret",5,"The answer accurately defines both precision and recall using the exact formulas and explanations provided in the context, correctly noting they are set-based measures for unranked retrieval.",139.611,0.0,ollama/llama3
5,What is the vector space model in IR?,ollama,"According to Chunk 1, the vector space model represents each document as a vector with one real-valued component, usually at an tf-idf weight, for each term. The documentspace X, the domain of the classification function γ, is RV.",5,"The answer accurately and directly quotes the context's definition of the vector space model, correctly identifying that documents are represented as vectors with real-valued tf-idf weighted components for each term, and that the document space is R^|V|.",73.76,0.0,ollama/llama3
6,What is stemming and why is it used in IR preprocessing?,ollama,"According to Chunk 3, Stemming usually refers to a crude heuristic process that chops off the ends of words in the hope of achieving this goal correctly most of the time, and often includes the removal of derivational affixes. It is used in IR preprocessing to normalize words and reduce their dimens",3,"The answer accurately defines stemming from the context but adds unsupported claims about 'normalizing words' and 'reducing dimensionality' that are not explicitly stated in the provided context, and the note acknowledges this inference rather than grounding it in the source material.",57.308,0.0,ollama/llama3
7,What is the PageRank algorithm and what was its original purpose?,ollama,"I don't know based on the provided context. The context does not mention the PageRank algorithm or its original purpose. It only provides information about Information Retrieval, web search engines, and algorithms such as HITS and Boolean retrieval systems.",5,"The generated answer correctly identifies that the context does not contain information about the PageRank algorithm's definition or original purpose, accurately reflecting the content limitations.",135.107,0.0,ollama/llama3
8,What is a stop word and how are stop words handled in IR?,ollama,"According to the provided context, a stop word is an extremely common word that would appear to be of little value in helping select documents matching a user need. These words are called stopwords. Stopwords are excluded from the vocabulary entirely by dropping them from the term collection strateg",4,"The answer accurately describes what stop words are and the basic strategy for identifying them, but slightly mischaracterizes the process by saying they are 'discarded' as part of determining the stop list rather than clarifying that they are first identified and then excluded during indexing, and it omits the important modern trend toward using smaller or no stop lists.",119.17,0.0,ollama/llama3
9,What is the BM25 ranking formula?,ollama,"I don't know based on the provided context. The provided context only mentions that machine learning approaches to ranking for ad hoc retrieval were pioneered in (Wongetal.1988), (Fuhr1992), and (Gey1994). There is no specific mention of the BM25 ranking formula.",5,"The generated answer is entirely accurate as the context only references BM25 as 'the BM25 family of ranking functions' without explaining what the formula is, making the answer's claim that the formula is not described in the context correct.",67.863,0.0,ollama/llama3
10,What is query expansion and what is relevance feedback?,ollama,"Based on the provided context, I can answer that:

* Query expansion refers to techniques for expanding or reformulating query terms independently of the query and results returned from it, so that changes in the query wording will cause the new query to match semantically similar terms. (Chunk 1)
*",5,"The answer accurately defines both query expansion and relevance feedback using direct quotes and paraphrases from the provided context, correctly characterizing them as global and local methods respectively for handling synonymy in information retrieval.",155.732,0.0,ollama/llama3
11,Why does BM25 generally outperform TF-IDF on longer documents?,ollama,"I don't know based on the provided context. The context only discusses tf-idf and its limitations, but it doesn't mention BM25 or how it outperforms tf-idf on longer documents.",5,"The answer correctly identifies that the context does not contain information about BM25's performance compared to TF-IDF, which is accurate - the provided context mentions BM25 only briefly in a references section but does not explain its mechanisms or comparative performance on longer documents.",152.104,0.0,ollama/llama3
12,What is the difference between a positional index and a standard inverted index?,ollama,"Based on the provided context, I don't know based on the provided context.",1,"The answer completely avoids providing information that is clearly present in the context, which explains that positional indexes store an entry for each occurrence of a term (affecting space complexity and enabling phrase/proximity searches), whereas standard inverted indexes do not have this capability.",65.823,0.0,ollama/llama3
13,Why is cosine similarity preferred over dot product for document similarity in the vector space model?,ollama,"According to the provided context, the reason why cosine similarity is preferred over dot product for document similarity in the vector space model is not explicitly stated. Therefore, I don't know based on the provided context.",5,"The generated answer correctly identifies that the context does not explicitly state why cosine similarity is preferred over dot product, demonstrating accurate assessment of what information is actually present in the provided material.",93.042,0.0,ollama/llama3
14,What is the precision-recall tradeoff and why does it exist?,ollama,"Based on the provided context, I can answer:

The notion of a precision-recall tradeoff was first discussed by van Rijsbergen (1979). According to him, adopting a principle of decreasing marginal relevance leads to the harmonic mean being the appropriate method for combining precision and recall. Th",3,"The answer correctly identifies van Rijsbergen's principle of decreasing marginal relevance from the context, but the explanation of why the tradeoff exists goes beyond what is explicitly stated in the provided text, which only mentions the principle without directly explaining the fundamental cause of the precision-recall tradeoff.",61.945,0.0,ollama/llama3
15,What is the difference between explicit and implicit relevance feedback?,ollama,"I don't know based on the provided context. The provided context does not discuss relevance feedback in detail, so it does not provide information about the differences between explicit and implicit relevance feedback.",5,"The answer correctly identifies that the provided context does not contain information about the distinction between explicit and implicit relevance feedback, which is an accurate and honest assessment of what is available in the given text.",96.0,0.0,ollama/llama3
16,Why is the IDF component of TF-IDF useful for retrieval?,ollama,"Based on the provided context, the answer to this question can be found in Chunk 1.

The IDF component of TF-IDF is useful for retrieval because it assigns a higher weight to terms that occur many times within a small number of documents, lending high discriminating power to those documents. This me",4,"The answer is mostly supported by the context, accurately explaining that IDF assigns higher weights to rare terms that occur in few documents, lending discriminating power; the phrasing about 'rare terms unique to specific documents' is a reasonable interpretation of the context rather than explicit contradiction.",95.006,0.0,ollama/llama3
17,How would you use an inverted index to answer the Boolean query 'information AND retrieval NOT web'?,ollama,"To answer the Boolean query ""information AND retrieval NOT web"", we can use the inverted index as follows:

1. First, retrieve all documents that contain the term ""information"". This will give us a set of documents D1, D2, ..., Dn.
2. Then, retrieve all documents that contain the term ""retrieval"" an",4,"The answer correctly describes the logical process for evaluating a Boolean query using an inverted index (retrieve, intersect, and exclude documents), which aligns with standard information retrieval principles, though the provided context does not explicitly detail this specific Boolean query evaluation procedure.",74.519,0.0,ollama/llama3
18,How does the Rocchio algorithm update a query vector using relevance feedback?,ollama,"I don't know based on the provided context. The context only discusses the concept of Relevance Feedback and Pseudorelevance Feedback, but it does not provide information on how the Rocchio Algorithm updates a query vector using relevance feedback.",5,"The generated answer correctly identifies that the provided context does not contain the specific details about how the Rocchio algorithm updates query vectors, only mentioning that it is 'the classic algorithm for implementing relevance feedback' in the vector space model.",107.158,0.0,ollama/llama3
19,How would you construct a phrase index to support the query 'information retrieval'?,ollama,"I don't know based on the provided context. The context only discusses biword indexes and does not provide guidance on how to construct a phrase index to support queries of arbitrary lengths, such as 'information retrieval'.",2,"The answer is mostly unsupported because the context explicitly discusses how to handle two-word phrase queries like 'information retrieval' using biword indexes (treating consecutive word pairs as vocabulary terms), but the generated answer claims this information is not provided.",114.956,0.0,ollama/llama3
20,"Given a small corpus of 3 documents, how would you compute the TF-IDF weight of the term 'index' in a document where it appears 3 times?",ollama,"I don't know based on the provided context. The context only discusses the concept of tf-idf weighting and does not provide specific instructions on how to compute the TF-IDF weight for a given term and document. Additionally, there is no mention of an ""index"" term in the provided text.",5,"The answer correctly acknowledges that while the context provides the tf-idf formula (equation 6.8: tf-idf = tf × idf), it does not contain sufficient information to compute an actual numerical weight without knowing the document frequency of 'index' in the specific 3-document corpus, making the honest assessment that this cannot be fully answered from the given context accurate and grounded.",118.738,0.0,ollama/llama3
1,What is TF-IDF and how is it calculated?,claude,"## TF-IDF: Definition and Calculation

Based on the provided context, **TF-IDF (Term Frequency-Inverse Document Frequency)** is a weighting scheme that assigns a weight to a term **t** in a document **d**.

### Formula

TF-IDF is calculated as:

$$\text{tf-idf}_{t,d} = \text{tf}_{t,d} \times \text{i",5,"The answer accurately and comprehensively explains TF-IDF, its formula, key properties, and application in document scoring, with all information directly supported by the provided context.",6.316,0.008475,claude-sonnet-4-6
2,What is an inverted index and what does it store?,claude,"Based on the provided context, an inverted index (also referred to by some researchers as an **inverted file**) is a data structure used in information retrieval.

Regarding what it stores, the context provides the following details:

- In a **(non-positional) inverted index**, a **posting is just a",4,"The answer is mostly supported by the context with minor additions; it accurately explains what an inverted index stores (postings with document IDs, terms, document frequency, and housekeeping information) based on explicit statements in the provided text, though it adds a minor interpretive framing about 'data structure used in information retrieval' that is contextually appropriate but not explicitly stated in those exact terms.",6.229,0.007593,claude-sonnet-4-6
3,What are the main components of a Boolean retrieval model?,claude,"## Main Components of a Boolean Retrieval Model

Based on the provided context, the following components of a Boolean retrieval model are described:

### 1. **Documents (Collection)**
The model operates on a collection of documents — in the example given, Shakespeare's Collected Works (plays).

### ",4,"The answer is mostly supported by the context with accurate identification of documents, terms, the incidence matrix, and Boolean operators, though the context provides only an introductory overview rather than comprehensive coverage of all components.",6.628,0.008742,claude-sonnet-4-6
4,What is precision and recall in information retrieval evaluation?,claude,"## Precision and Recall in Information Retrieval Evaluation

Based on the provided context, precision and recall are fundamental set-based measures used to evaluate information retrieval systems.

### Precision (P)
**Precision** is the fraction of retrieved documents that are relevant:

$$Precision ",5,"The answer is entirely accurate and comprehensively supported by the provided context, including the correct formulas, definitions, contingency table, and explanation of set-based versus ranked retrieval measures.",6.368,0.010623,claude-sonnet-4-6
5,What is the vector space model in IR?,claude,"## Vector Space Model in Information Retrieval

Based on the provided context, the **vector space model** in IR is a document representation approach where:

- **Each document is represented as a vector** with one **real-valued component** for each term in the vocabulary
- The component values are t",5,"The answer is entirely and accurately supported by the provided context, correctly explaining the vector space model's definition, characteristics, real-valued components, tf-idf weights, and the contiguity hypothesis with relevant examples from the text.",6.841,0.007467,claude-sonnet-4-6
6,What is stemming and why is it used in IR preprocessing?,claude,"Based on the provided context, **stemming** is described as:

> *""a crude heuristic process that chops off the ends of words in the hope of achieving this goal correctly most of the time, and often includes the removal of derivational affixes.""*

**Why it is used in IR preprocessing:**

Stemming is ",3,"The answer accurately defines stemming and describes its mechanism from the context, but the explanation of why it is used in IR preprocessing contains inferences not explicitly stated in the provided text, which only defines stemming without directly explaining its IR preprocessing purpose.",5.584,0.005256,claude-sonnet-4-6
7,What is the PageRank algorithm and what was its original purpose?,claude,"Based on the provided context, there is **no detailed explanation** of the PageRank algorithm or its original purpose. The context only contains **references and brief mentions** of PageRank in the context of academic citations and comparisons with other algorithms (like HITS).

Specifically, the co",5,"The generated answer accurately acknowledges that the provided context does not contain a detailed explanation of the PageRank algorithm or its original purpose, correctly identifying only references and comparative mentions, which is an objective and truthful assessment grounded in what the context actually provides.",6.91,0.010095,claude-sonnet-4-6
8,What is a stop word and how are stop words handled in IR?,claude,"## Stop Words in Information Retrieval

### Definition
Stop words are **extremely common words** that appear to be of little value in helping select documents matching a user need. They are excluded from the vocabulary entirely during indexing.

### How Stop Words Are Determined
The general strategy",5,"The answer is entirely and accurately supported by the provided context, covering the definition of stop words, how they are determined, their benefits and drawbacks, and the evolution of their usage in IR systems.",7.668,0.010458,claude-sonnet-4-6
9,What is the BM25 ranking formula?,claude,"I don't know based on the provided context.

While the context mentions the ""BM25 family of ranking functions"" in passing (referencing Section 11.4.3, page 232), it does not provide the actual BM25 ranking formula itself.",5,"The generated answer is entirely accurate and appropriately grounded in the context, which mentions BM25 only in passing without providing the actual formula, making the 'I don't know' response the correct assessment.",2.001,0.00366,claude-sonnet-4-6
10,What is query expansion and what is relevance feedback?,claude,"## Query Expansion and Relevance Feedback

### Query Expansion
Based on the provided context, **query expansion** is a method used to tackle the problem of synonymy in information retrieval, where the same concept may be referred to using different words. It involves **expanding or reformulating que",5,"The answer is entirely and accurately supported by the provided context, correctly defining query expansion and relevance feedback with appropriate examples and limitations drawn directly from the source material.",8.372,0.011016,claude-sonnet-4-6
11,Why does BM25 generally outperform TF-IDF on longer documents?,claude,"Based on the provided context, I cannot fully answer why BM25 generally outperforms TF-IDF on longer documents. However, the context does provide relevant background about the **limitations of TF-IDF with longer documents**.

According to the context (Chunk 3), longer documents pose challenges for T",5,"The answer accurately reflects that the context does not contain an explicit comparison of BM25 versus TF-IDF performance on longer documents, while correctly identifying and grounding the relevant contextual information about TF-IDF's limitations with longer documents and mentioning BM25's existence.",6.2,0.010668,claude-sonnet-4-6
12,What is the difference between a positional index and a standard inverted index?,claude,"Based on the provided context, here are the key differences between a positional index and a standard (non-positional) inverted index:

1. **Posting entries**: In a standard inverted index, each term has one posting entry per document it appears in. In a positional index, a posting needs **an entry ",5,"The answer is entirely and accurately supported by the provided context, correctly explaining the differences in posting entries, space requirements, query complexity, and functionality between positional and standard inverted indexes with specific citations from the text.",7.317,0.007608,claude-sonnet-4-6
13,Why is cosine similarity preferred over dot product for document similarity in the vector space model?,claude,"Based on the provided context, there is no explicit explanation of why cosine similarity is **preferred** over dot product for document similarity in the vector space model. The context actually notes that ""many algorithms introduced in this book have near-equivalent descriptions in terms of dot pro",5,"The answer accurately reflects the context by correctly stating that the context does not explicitly explain why cosine similarity is preferred over dot product, and appropriately distinguishes between length-normalized and unnormalized vectors where these measures behave differently.",5.167,0.00759,claude-sonnet-4-6
14,What is the precision-recall tradeoff and why does it exist?,claude,"Based on the provided context, I can only partially address this question.

The context mentions that **precision and recall** are key evaluation notions in Information Retrieval (first introduced by Kent et al. in 1955), and that the **F measure** was developed as a way to combine them. 

Regarding",3,"The answer is partially supported by the context; it accurately identifies the principle of decreasing marginal relevance as related to the tradeoff, but the context does not explicitly explain why the tradeoff exists or provide a complete account of the precision-recall tradeoff mechanism.",6.601,0.006141,claude-sonnet-4-6
15,What is the difference between explicit and implicit relevance feedback?,claude,"Based on the provided context, I cannot fully answer this question. The context only briefly mentions **implicit phrase searches** (Chunk 1) and touches on **relevance feedback** in general terms (Chunk 2), but it does **not explicitly explain the difference between explicit and implicit relevance f",5,"The generated answer correctly acknowledges that the provided context does not contain information about the difference between explicit and implicit relevance feedback, demonstrating objective evaluation by refusing to speculate beyond what is presented.",3.734,0.005949,claude-sonnet-4-6
16,Why is the IDF component of TF-IDF useful for retrieval?,claude,"## Why IDF is Useful for Retrieval

Based on the provided context, the IDF component is useful because it helps **discriminate between documents** by weighting terms according to how rarely or widely they appear across the document collection.

Specifically, the TF-IDF weighting scheme assigns highe",5,"The answer is entirely and accurately supported by the provided context, correctly explaining how IDF provides discriminating power by weighting terms based on their rarity across the document collection, with direct quotes and explanations drawn from the source material.",7.551,0.007557,claude-sonnet-4-6
17,How would you use an inverted index to answer the Boolean query 'information AND retrieval NOT web'?,claude,"Based on the provided context, I cannot give a detailed explanation of how to use an inverted index to answer the Boolean query 'information AND retrieval NOT web'.

The context only **briefly mentions** the inverted index as a data structure, referencing works like Witten et al. (1999) and Zobel an",5,"The answer correctly identifies that the provided context does not contain information about how to use an inverted index to answer Boolean queries, and honestly states this limitation rather than fabricating an answer.",3.641,0.003531,claude-sonnet-4-6
18,How does the Rocchio algorithm update a query vector using relevance feedback?,claude,"Based on the provided context, while the Rocchio Algorithm is **mentioned** as ""the classic algorithm for implementing relevance feedback"" that ""models a way of incorporating relevance feedback information into the vector space model,"" the context does **not provide the specific details** of how the",5,"The generated answer accurately identifies that while the Rocchio Algorithm is mentioned in the context, the specific mathematical details of how it updates a query vector are not provided, which is a completely grounded and honest assessment of what the context contains.",5.05,0.007944,claude-sonnet-4-6
19,How would you construct a phrase index to support the query 'information retrieval'?,claude,"## Constructing a Phrase Index to Support the Query 'information retrieval'

Based on the provided context, here is how a phrase index could be constructed to support the query **'information retrieval'**:

### 1. Biword Index Approach
The most straightforward method described in the context is to u",5,"The answer is entirely and accurately supported by the provided context, correctly explaining biword index construction, extended biword indexing with POS tagging, and acknowledging the trade-offs mentioned in the source material.",8.785,0.010233,claude-sonnet-4-6
20,"Given a small corpus of 3 documents, how would you compute the TF-IDF weight of the term 'index' in a document where it appears 3 times?",claude,"## Computing TF-IDF Weight for Term 'index'

Based on the provided context, the TF-IDF weighting scheme assigns a weight to term **t** in document **d** given by:

> **tf-idf_t,d = tf_t,d × idf_t**
> *(Equation 6.8)*

### Steps to Compute

**Step 1: Compute Term Frequency (tf)**
- The term 'index' a",4,"The answer is mostly supported by the context, correctly explaining the tf-idf formula and the process, but acknowledges the limitation that the exact idf calculation formula is not provided in the given excerpt, which is a minor but appropriate caveat.",7.404,0.009816,claude-sonnet-4-6
1,What is TF-IDF and how is it calculated?,openai,"TF-IDF is a weighting scheme that assigns a weight to a term \( t \) in a document \( d \) based on its term frequency (tf) and inverse document frequency (idf). It is calculated using the formula:

\[
\text{tf-idf} = \text{tf}_{t,d} \times \text{idf}_t
\]

This means that the tf-idf weight is highe",5,"The answer accurately and comprehensively explains TF-IDF, its calculation formula, and its properties, all of which are directly supported by the provided context.",3.965,0.000243,gpt-4o-mini
2,What is an inverted index and what does it store?,openai,"An inverted index is a data structure used in information retrieval that stores a mapping from content, such as words or terms, to its locations in a set of documents. In a non-positional inverted index, a posting is just a document ID, which is inherently associated with a term via the postings lis",5,"The answer is entirely and accurately supported by the provided context, which explicitly defines an inverted index as a mapping from terms to document locations and describes postings as document IDs associated with terms via postings lists.",3.201,0.000184,gpt-4o-mini
3,What are the main components of a Boolean retrieval model?,openai,I don't know based on the provided context.,5,"The answer correctly acknowledges that while the context introduces the Boolean retrieval model and mentions it uses a binary term-document incidence matrix to record whether documents contain specific terms, it does not explicitly detail all main components, making 'I don't know' an appropriately honest response to a question requiring information beyond what is clearly stated.",0.904,0.000189,gpt-4o-mini
4,What is precision and recall in information retrieval evaluation?,openai,"Precision (P) is the fraction of retrieved documents that are relevant, calculated as:

\[ \text{Precision} = \frac{\text{#(relevant items retrieved)}}{\text{#(retrieved items)}} \]

Recall (R) is the fraction of relevant documents that are retrieved, calculated as:

\[ \text{Recall} = \frac{\text{#",5,"The answer is entirely and accurately supported by the context, with both definitions and formulas directly matching Equations 8.1 and 8.2 from the provided text.",1.483,0.000276,gpt-4o-mini
5,What is the vector space model in IR?,openai,"The vector space model in Information Retrieval represents each document as a vector with one real-valued component, usually at tf-idf weight, for each term. This model allows for the classification of documents based on their representation as vectors in a multi-dimensional space, where the documen",5,"The answer is entirely and accurately supported by the provided context, accurately describing the vector space model representation, tf-idf weighting, and the contiguity hypothesis for classification.",2.084,0.000173,gpt-4o-mini
6,What is stemming and why is it used in IR preprocessing?,openai,I don't know based on the provided context.,1,"The generated answer states 'I don't know' when the context explicitly defines stemming and describes it as a process used in text preprocessing, making this response a complete failure to utilize available information.",1.291,8.1e-05,gpt-4o-mini
7,What is the PageRank algorithm and what was its original purpose?,openai,I don't know based on the provided context.,5,"The answer correctly recognizes that while the context discusses PageRank extensively, it does not explicitly define what the PageRank algorithm is or state its original purpose, making 'I don't know' an accurate and appropriately grounded response.",1.077,0.000247,gpt-4o-mini
8,What is a stop word and how are stop words handled in IR?,openai,"A stop word is an extremely common word that is excluded from the vocabulary during the indexing process because it is considered to have little value in helping select documents that match a user need. In information retrieval (IR), stop words are typically identified by sorting terms by their coll",5,"The answer is entirely and accurately supported by the provided context, covering the definition of stop words, their identification method, their impact on indexing, the limitations of stop lists, and the historical trend toward smaller or no stop lists in modern IR systems.",2.332,0.000299,gpt-4o-mini
9,What is the BM25 ranking formula?,openai,I don't know based on the provided context.,5,"The generated answer correctly acknowledges that the context does not contain a definition or explanation of the BM25 ranking formula, only a reference to it on page 232.",0.89,0.000116,gpt-4o-mini
10,What is query expansion and what is relevance feedback?,openai,"Query expansion is a technique used in information retrieval to reformulate or expand query terms to improve the matching of documents. This can involve using a thesaurus or automatic thesaurus generation to include semantically similar terms, thereby increasing the recall of the search results.

Re",5,"The answer accurately describes both query expansion and relevance feedback in alignment with the provided context, including their purposes, mechanisms, and the noted drawbacks of relevance feedback.",2.747,0.000306,gpt-4o-mini
11,Why does BM25 generally outperform TF-IDF on longer documents?,openai,I don't know based on the provided context.,5,"The generated answer correctly acknowledges that the context does not contain information explaining why BM25 outperforms TF-IDF on longer documents, as the provided passages discuss document length normalization issues with TF-IDF and mention BM25 only in a references section without explaining its performance advantages.",0.684,0.00025,gpt-4o-mini
12,What is the difference between a positional index and a standard inverted index?,openai,"A positional index requires an entry for each occurrence of a term, which means the index size depends on the average document size. In contrast, a standard inverted index does not account for the positions of terms within documents. As a result, a positional index is typically 2 to 4 times larger t",5,"The answer is entirely and accurately supported by the context, which explicitly states that a positional index needs an entry for each term occurrence (affecting size based on document size), is 2-4 times larger than non-positional indexes, and enables phrase and proximity search functionality that users expect.",2.687,0.00017,gpt-4o-mini
13,Why is cosine similarity preferred over dot product for document similarity in the vector space model?,openai,I don't know based on the provided context.,5,"The generated answer correctly identifies that the context does not establish a preference for cosine similarity over dot product for general document similarity - in fact, the context states they are near-equivalent for most algorithms and only notes that cosine similarity works for length-normalized vectors while dot product behavior differs for unnormalized vectors.",0.734,0.000177,gpt-4o-mini
14,What is the precision-recall tradeoff and why does it exist?,openai,I don't know based on the provided context.,5,"The generated answer correctly acknowledges that the provided context does not explicitly explain the precision-recall tradeoff or why it exists, as the context only mentions that van Rijsbergen adopted the harmonic mean based on a principle of decreasing marginal relevance without detailing the fundamental nature of the tradeoff itself.",1.251,7.8e-05,gpt-4o-mini
15,What is the difference between explicit and implicit relevance feedback?,openai,I don't know based on the provided context.,5,"The generated answer correctly acknowledges that the provided context does not contain information about the difference between explicit and implicit relevance feedback, which is an accurate assessment of the material provided.",0.666,0.000168,gpt-4o-mini
16,Why is the IDF component of TF-IDF useful for retrieval?,openai,I don't know based on the provided context.,1,"The generated answer claims not to know the answer, but the context explicitly explains why IDF is useful for retrieval by describing how tf-idf assigns higher weights to terms that occur in few documents, providing discriminating power and relevance signals.",0.901,0.000141,gpt-4o-mini
17,How would you use an inverted index to answer the Boolean query 'information AND retrieval NOT web'?,openai,I don't know based on the provided context.,5,"The answer is correct because the provided context does not contain information about how to use an inverted index to answer Boolean queries with AND/NOT operators, making the honest response of 'I don't know' entirely appropriate and grounded in acknowledging the limitations of the context.",1.0,7.2e-05,gpt-4o-mini
18,How does the Rocchio algorithm update a query vector using relevance feedback?,openai,I don't know based on the provided context.,5,"The generated answer correctly acknowledges that while the context introduces the Rocchio algorithm as 'the classic algorithm for implementing relevance feedback' and states it 'models a way of incorporating relevance feedback information into the vector space model,' the specific details of how it updates the query vector are not provided in the given excerpt, making the honest response of 'I don't know' accurate and appropriate.",0.917,0.000198,gpt-4o-mini
19,How would you construct a phrase index to support the query 'information retrieval'?,openai,I don't know based on the provided context.,5,"The context provides explicit instructions for constructing phrase indexes through biword indexing and extended biword approaches, which directly answer how to support the query 'information retrieval' by treating it as a two-word phrase term in the vocabulary.",0.753,0.000194,gpt-4o-mini
20,"Given a small corpus of 3 documents, how would you compute the TF-IDF weight of the term 'index' in a document where it appears 3 times?",openai,I don't know based on the provided context.,5,"The answer is appropriate because the context provides the tf-idf formula (equation 6.8: tf-idf = tf × idf) and definition of its components, which would be sufficient to compute the weight, but the context does not provide specific numerical examples with a 3-document corpus needed to complete this particular calculation, making 'I don't know' the most honest and grounded response.",0.517,0.000194,gpt-4o-mini
